{
  "chitchat_p95": 7235.2148795,
  "rag_short_p95": 6980.79621805,
  "rag_medium_p95": 6198.082314950001,
  "oos_p95": 7315.02375115,
  "pipeline_p95": 7221.4,
  "saved_at": "2026-05-14T10:59:31.790390"
}